,j0,j1,h0,h1,lr,noise,stim_noise,count_thresh,width_scaling,n_stim,EMD_IDR_STIM,EMD_IDR_UNIFORM,EMD_NDR_STIM,EMD_NDR_UNIFORM,IDR_CORRECT_BIAS_MSE,IDR_INCORRECT_BIAS_MSE,NDR_CORRECT_BIAS_MSE,NDR_INCORRECT_BIAS_MSE
0,0.1,2.0,0.1,0.1,0.005,0.0,0.0,0.97,1,300,0.08778069934685276,0.0301104890738007,0.049321673278165556,0.06911076528943133,0.0006288715154482749,0.0004452550337314506,6.237710405053097e-05,0.0011962775434032564
1,0.1,2.0,0.1,0.1,0.005,0.0,0.0,0.9,1,300,0.08730016360492604,0.03103277821864895,0.05013108382944827,0.06860943702160568,0.0010925728911663885,0.0008375256794356111,4.864293915965085e-05,0.0023165575177967156
2,0.1,2.0,0.1,0.2,0.005,0.0,0.0,0.97,1,300,0.04930588937276967,0.06995260268880016,0.04041700979017602,0.07660956563211196,0.0065644956421253365,0.0020101110013511637,0.0007992909755219926,0.006882006232699132
3,0.1,2.0,0.1,0.2,0.005,0.0,0.0,0.9,1,300,0.047167595402186166,0.07155088224101808,0.04510423232418971,0.07267606947135116,0.00752503304890116,0.0020743196867021012,0.0008603838863763083,0.00797082971128781
4,0.1,2.0,0.1,0.30000000000000004,0.005,0.0,0.0,0.97,1,300,0.043056485236553386,0.09621090971038539,0.04856790446625678,0.07016939611048251,0.012118722448224468,0.002167869023615773,0.002582459356732463,0.007884521161295246
5,0.1,2.0,0.1,0.30000000000000004,0.005,0.0,0.0,0.9,1,300,0.04108790066116652,0.09811847301780457,0.052771624871320325,0.06696250186697258,0.0151980092983214,0.0026490373592678003,0.0028987618956520514,0.009750260520408076
6,0.1,2.0,0.1,0.4,0.005,0.0,0.0,0.97,1,300,0.039502475726629974,0.10001188982295889,0.05267762595056069,0.0672569800255069,0.015527122081534747,0.0015317555115643847,0.003541461928909529,0.007808568320080459
7,0.1,2.0,0.1,0.4,0.005,0.0,0.0,0.9,1,300,0.03809013655019802,0.10215205698159796,0.05625028911558708,0.06470444062163222,0.018683280687866375,0.0023480363867530735,0.004057418074693747,0.009836691132728106
8,0.1,2.0,0.1,0.5,0.005,0.0,0.0,0.97,1,300,0.03789745450689509,0.10205299004787155,0.05487610652254223,0.06578551832209992,0.0162465123833488,0.00117541882423773,0.0037421035521716787,0.007296857958526155
9,0.1,2.0,0.1,0.5,0.005,0.0,0.0,0.9,1,300,0.036595847350233725,0.10411741805369323,0.058228174614913,0.06350703945599298,0.019203956251645102,0.0019127802846605928,0.004081950031986585,0.009191893771783047
10,0.1,2.0,0.30000000000000004,0.1,0.005,0.0,0.0,0.97,1,300,,,,,,,,
11,0.1,2.0,0.30000000000000004,0.1,0.005,0.0,0.0,0.9,1,300,,,,,,,,
12,0.1,2.0,0.30000000000000004,0.2,0.005,0.0,0.0,0.97,1,300,0.07422272708368712,0.040903893025069624,0.054899853145789664,0.05998619040254926,0.00027879488712862356,0.0002904086722448964,5.914623310254615e-05,0.0005419909575414179
13,0.1,2.0,0.30000000000000004,0.2,0.005,0.0,0.0,0.9,1,300,0.07428400845352252,0.04148642630778641,0.054901186586987595,0.06605529645498454,0.0004010858443093439,0.00038761357849021404,4.602670523293717e-05,0.0008692619156311154
14,0.1,2.0,0.30000000000000004,0.30000000000000004,0.005,0.0,0.0,0.97,1,300,0.08778069934685273,0.030110489073800706,0.04932167327816557,0.06911076528943133,0.000628871515448274,0.0004452550337314496,6.237710405053084e-05,0.0011962775434032533
15,0.1,2.0,0.30000000000000004,0.30000000000000004,0.005,0.0,0.0,0.9,1,300,0.08730016360492601,0.031032778218648974,0.050131083829448246,0.06860943702160567,0.0010925728911663907,0.0008375256794356141,4.864293915965143e-05,0.0023165575177967195
16,0.1,2.0,0.30000000000000004,0.4,0.005,0.0,0.0,0.97,1,300,0.07566668465403067,0.04453921619690554,0.03285281931263738,0.08325855879146618,0.0024282559715837456,0.0009558756738455502,9.24018738418663e-05,0.004661833564824768
17,0.1,2.0,0.30000000000000004,0.4,0.005,0.0,0.0,0.9,1,300,0.0750654107769758,0.044726954948092555,0.03610687365668808,0.0803942039368428,0.0024835848203668275,0.001445070308959701,8.397074659239373e-05,0.00569978590802951
18,0.1,2.0,0.30000000000000004,0.5,0.005,0.0,0.0,0.97,1,300,0.05966192662658481,0.055678321919240215,0.03625634986085739,0.08032161079994414,0.004962011101651363,0.00162194609697939,0.00044087800445659174,0.006677673523034222
19,0.1,2.0,0.30000000000000004,0.5,0.005,0.0,0.0,0.9,1,300,0.0578627140546137,0.06357920033121256,0.040721440933450544,0.07634862428082054,0.004282778151133797,0.0012688279696036612,0.00020892076226617837,0.006248346665451827
20,0.1,2.0,0.5,0.1,0.005,0.0,0.0,0.97,1,300,,,,,,,,
21,0.1,2.0,0.5,0.1,0.005,0.0,0.0,0.9,1,300,,,,,,,,
22,0.1,2.0,0.5,0.2,0.005,0.0,0.0,0.97,1,300,,,,,1.1157768185784924e-05,1.1157768185784928e-05,,
23,0.1,2.0,0.5,0.2,0.005,0.0,0.0,0.9,1,300,,,,,1.1327729087156913e-05,1.1327729087156913e-05,,
24,0.1,2.0,0.5,0.30000000000000004,0.005,0.0,0.0,0.97,1,300,0.07550474258731056,0.0416418191493157,0.05524061037450585,0.059809601465799,0.0001787978045600408,0.00026867346617309723,5.1650044554659856e-05,0.0004027942522456144
25,0.1,2.0,0.5,0.30000000000000004,0.005,0.0,0.0,0.9,1,300,0.07548046856002454,0.042264256525942234,0.054979308179051084,0.06609269042454141,0.00021953018699753254,0.0003324323300201175,2.922599442302889e-05,0.0006115784520076036
26,0.1,2.0,0.5,0.4,0.005,0.0,0.0,0.97,1,300,0.08001902955874382,0.03548059085625561,0.05689880782888356,0.05780481523758068,0.0004711479572567919,0.000253502338799407,9.356719572351532e-05,0.0006902265468974366
27,0.1,2.0,0.5,0.4,0.005,0.0,0.0,0.9,1,300,0.07993460050604709,0.036118933590108634,0.05628534447352228,0.06458564562213263,0.0006676879132845985,0.00042139504772810546,4.701511207499507e-05,0.0010773944147817816
28,0.1,2.0,0.5,0.5,0.005,0.0,0.0,0.97,1,300,0.08778069934685273,0.030110489073800713,0.04932167327816554,0.06911076528943136,0.0006288715154482742,0.0004452550337314496,6.237710405053094e-05,0.001196277543403254
29,0.1,2.0,0.5,0.5,0.005,0.0,0.0,0.9,1,300,0.08730016360492601,0.031032778218648943,0.05013108382944825,0.06860943702160571,0.00109257289116639,0.0008375256794356129,4.864293915965132e-05,0.002316557517796717
30,0.1,2.3333333333333335,0.1,0.1,0.005,0.0,0.0,0.97,1,300,0.089428787037311,0.029396741305857683,0.05127775447904756,0.06772300644963691,0.0007837741357174533,0.0006702502862416231,0.00012706956368805343,0.0014972917981249544
31,0.1,2.3333333333333335,0.1,0.1,0.005,0.0,0.0,0.9,1,300,0.08898904273682146,0.030199598490294133,0.051932126251751184,0.06736551440171976,0.0010273015104784046,0.000865340503411559,6.463296976113809e-05,0.001995576711398147
32,0.1,2.3333333333333335,0.1,0.2,0.005,0.0,0.0,0.97,1,300,0.05086558561218987,0.06898699258122115,0.03944879764146952,0.07748373799460946,0.008054350666556749,0.001858872823032198,0.0010785679644759198,0.007955297839780434
33,0.1,2.3333333333333335,0.1,0.2,0.005,0.0,0.0,0.9,1,300,0.04901381594659679,0.07022360999144156,0.04410799735055307,0.07349988962231341,0.008501019891636373,0.001599772994393529,0.0008888511412565152,0.008353414707945601
34,0.1,2.3333333333333335,0.1,0.30000000000000004,0.005,0.0,0.0,0.97,1,300,0.03686704962849206,0.08064737421307008,0.047656716415543574,0.07083507341092658,0.012156800282710883,0.0016451764038791497,0.0023250714091078454,0.007497676319192543
35,0.1,2.3333333333333335,0.1,0.30000000000000004,0.005,0.0,0.0,0.9,1,300,0.041992080344957154,0.0970646358247413,0.05195440954151384,0.0675668216734503,0.015607805726793387,0.0022455315823132157,0.0027210341700941434,0.010012340396455518
36,0.1,2.3333333333333335,0.1,0.4,0.005,0.0,0.0,0.97,1,300,0.04020317986097913,0.09908760034302573,0.051807055290861125,0.06788362886634244,0.01578185040535343,0.0013410298222171818,0.003405814350025118,0.0080338164586971
37,0.1,2.3333333333333335,0.1,0.4,0.005,0.0,0.0,0.9,1,300,0.03871894146532452,0.1011534530062605,0.0555614390805754,0.06514219895352502,0.018851897677400305,0.0020121209197712124,0.0037299749595064344,0.009781993779546751
38,0.1,2.3333333333333335,0.1,0.5,0.005,0.0,0.0,0.97,1,300,0.038474347645186716,0.10125095882284366,0.0541650336740791,0.06628779452144587,0.016122302988367563,0.0010297005841785208,0.0035752702265722794,0.007076184468522057
39,0.1,2.3333333333333335,0.1,0.5,0.005,0.0,0.0,0.9,1,300,0.03721273498246373,0.10321722188444876,0.05760365578153551,0.06388322727894473,0.019864899641119718,0.0017951158459455854,0.004113420221479768,0.009563605372770912
40,0.1,2.3333333333333335,0.30000000000000004,0.1,0.005,0.0,0.0,0.97,1,300,,,,,,,,
41,0.1,2.3333333333333335,0.30000000000000004,0.1,0.005,0.0,0.0,0.9,1,300,,,,,,,,
42,0.1,2.3333333333333335,0.30000000000000004,0.2,0.005,0.0,0.0,0.97,1,300,0.0770342366521213,0.03863857648771146,0.05666234818359055,0.05835342418760021,0.00044824739330425806,0.00019569753660113098,7.34696093380345e-05,0.0005708175183268841
43,0.1,2.3333333333333335,0.30000000000000004,0.2,0.005,0.0,0.0,0.9,1,300,0.07701864412483402,0.03907277023668482,0.05715575198430889,0.05851845004768613,0.0005534377401481274,0.00033764066180976953,4.4663138249522564e-05,0.000978684426321945
44,0.1,2.3333333333333335,0.30000000000000004,0.30000000000000004,0.005,0.0,0.0,0.97,1,300,0.08942878703731097,0.02939674130585772,0.05127775447904756,0.06772300644963691,0.000783774135717453,0.0006702502862416224,0.00012706956368805318,0.001497291798124954
45,0.1,2.3333333333333335,0.30000000000000004,0.30000000000000004,0.005,0.0,0.0,0.9,1,300,0.08898904273682146,0.030199598490294122,0.05193212625175117,0.06736551440171976,0.001027301510478405,0.0008653405034115601,6.46329697611382e-05,0.001995576711398147
46,0.1,2.3333333333333335,0.30000000000000004,0.4,0.005,0.0,0.0,0.97,1,300,0.076852705896847,0.043993911935701666,0.033062746689066565,0.08295559684449212,0.002489441670978763,0.000935050414111264,8.642074988108857e-05,0.004628333421684748
47,0.1,2.3333333333333335,0.30000000000000004,0.4,0.005,0.0,0.0,0.9,1,300,0.07628767529254928,0.04419624461834622,0.03595422993569096,0.08046716100782797,0.002732745198122431,0.0014524692719366618,9.476068230680633e-05,0.0061121374056115904
48,0.1,2.3333333333333335,0.30000000000000004,0.5,0.005,0.0,0.0,0.97,1,300,0.061293154628002826,0.054756410979094075,0.03551442304723955,0.08097685282592781,0.0056886862719448235,0.001440365462095145,0.0005184564978489349,0.007106062266771532
49,0.1,2.3333333333333335,0.30000000000000004,0.5,0.005,0.0,0.0,0.9,1,300,0.05970966013398351,0.06252736922823363,0.039803630150783295,0.07716787994954964,0.004961138809813794,0.0011038850808107287,0.000230952642448873,0.006753468461755995
50,0.1,2.3333333333333335,0.5,0.1,0.005,0.0,0.0,0.97,1,300,,,,,,,,
51,0.1,2.3333333333333335,0.5,0.1,0.005,0.0,0.0,0.9,1,300,,,,,,,,
52,0.1,2.3333333333333335,0.5,0.2,0.005,0.0,0.0,0.97,1,300,,,,,1.8325732802659612e-05,1.8325732802659616e-05,,
53,0.1,2.3333333333333335,0.5,0.2,0.005,0.0,0.0,0.9,1,300,,,,,1.8501321267588153e-05,1.850132126758815e-05,,
54,0.1,2.3333333333333335,0.5,0.30000000000000004,0.005,0.0,0.0,0.97,1,300,0.07507697448847864,0.041050097553772404,0.057614203664005395,0.057967515187421444,0.00025933488933773123,0.00020884520856504312,5.939435387410175e-05,0.0004229758724367701
55,0.1,2.3333333333333335,0.5,0.30000000000000004,0.005,0.0,0.0,0.9,1,300,0.0750822361630225,0.041527070724430855,0.05823687213426542,0.057937836521599145,0.00035417635649251253,0.0003004416717289183,3.250031918604896e-05,0.0007660549624462677
56,0.1,2.3333333333333335,0.5,0.4,0.005,0.0,0.0,0.97,1,300,0.08401117120905749,0.03284774061837064,0.06019311115654492,0.06202256841865236,0.0005392259966771701,0.00019964304954438395,0.0001327921965673655,0.0005617509270637977
57,0.1,2.3333333333333335,0.5,0.4,0.005,0.0,0.0,0.9,1,300,0.08389970867555757,0.03348634979447826,0.06026576711368339,0.06211638137437282,0.0007095548906776841,0.00044821339715623784,9.421384077427116e-05,0.0009555374129653235
58,0.1,2.3333333333333335,0.5,0.5,0.005,0.0,0.0,0.97,1,300,0.089428787037311,0.02939674130585771,0.05127775447904756,0.06772300644963693,0.0007837741357174509,0.0006702502862416199,0.00012706956368805194,0.0014972917981249483
59,0.1,2.3333333333333335,0.5,0.5,0.005,0.0,0.0,0.9,1,300,0.08898904273682146,0.030199598490294098,0.05193212625175117,0.06736551440171976,0.0010273015104784052,0.0008653405034115588,6.463296976113809e-05,0.0019955767113981476
60,0.1,2.6666666666666665,0.1,0.1,0.005,0.0,0.0,0.97,1,300,0.09061283817776036,0.028983283103423123,0.05317021301975437,0.06644710644778014,0.0005411272831267945,0.0006236675589495786,0.00013238299092902965,0.001169332006617034
61,0.1,2.6666666666666665,0.1,0.1,0.005,0.0,0.0,0.9,1,300,0.08898081868823195,0.036955504778234734,0.053700185393474584,0.06618449035671602,0.0008796092792227876,0.0009377627434918871,5.501021339436145e-05,0.001934791917259542
62,0.1,2.6666666666666665,0.1,0.2,0.005,0.0,0.0,0.97,1,300,0.0525665024542756,0.06784742200072563,0.03842274903658943,0.07837527636161387,0.009318713269112832,0.0016301823251649737,0.0012821176514190827,0.008500818708852043
63,0.1,2.6666666666666665,0.1,0.2,0.005,0.0,0.0,0.9,1,300,0.05085477552318621,0.06901799808310946,0.04307003268414363,0.07435692592287327,0.009684412250724576,0.0013624067308162626,0.00096614266942288,0.008959660164207368
64,0.1,2.6666666666666665,0.1,0.30000000000000004,0.005,0.0,0.0,0.97,1,300,0.0383021149706773,0.07934992432729418,0.04655027904578095,0.07163767835323176,0.012155332140306275,0.001335849677934957,0.0021550147398190322,0.007450464630652394
65,0.1,2.6666666666666665,0.1,0.30000000000000004,0.005,0.0,0.0,0.9,1,300,0.035792874435653,0.08167657837310108,0.05108298051294875,0.06818641236083361,0.01622703419334112,0.0018030701007037118,0.0026397203218881337,0.01009147187424987
66,0.1,2.6666666666666665,0.1,0.4,0.005,0.0,0.0,0.97,1,300,0.0409120590646244,0.09820079569462348,0.05092618564499994,0.06850666403160524,0.01482761503498465,0.0010898942050031094,0.0030063592046414528,0.007383646767240629
67,0.1,2.6666666666666665,0.1,0.4,0.005,0.0,0.0,0.9,1,300,0.03941242933105145,0.10009449007336083,0.054815324161403625,0.06562589256893755,0.018915515727437576,0.0017025912426979859,0.0034452441960670568,0.009895210234215685
68,0.1,2.6666666666666665,0.1,0.5,0.005,0.0,0.0,0.97,1,300,0.039158160062101335,0.10036587677038289,0.053300645694964885,0.06685235605948765,0.017334008109189863,0.001006237972102723,0.0038755079389498864,0.007643764282349379
69,0.1,2.6666666666666665,0.1,0.5,0.005,0.0,0.0,0.9,1,300,0.0378181351654643,0.10225473594092187,0.05693715225113116,0.06429920045505891,0.01981030367451154,0.0015684752898785486,0.0038503698873380452,0.009535786042209915
70,0.1,2.6666666666666665,0.30000000000000004,0.1,0.005,0.0,0.0,0.97,1,300,,,,,1.160464447404063e-05,1.1604644474040633e-05,,
71,0.1,2.6666666666666665,0.30000000000000004,0.1,0.005,0.0,0.0,0.9,1,300,,,,,7.396640798813633e-06,7.396640798813633e-06,,
72,0.1,2.6666666666666665,0.30000000000000004,0.2,0.005,0.0,0.0,0.97,1,300,0.080784809942421,0.03570691079284173,0.060345381071916296,0.05546708831512341,0.0003754906523732687,0.00011373720869760928,4.6329806940692e-05,0.00045750985448253273
73,0.1,2.6666666666666665,0.30000000000000004,0.2,0.005,0.0,0.0,0.9,1,300,0.08079122383669346,0.036377603067045704,0.06037532413339659,0.05587469618939307,0.0006640449353013787,0.00033437142523446177,6.051788219489043e-05,0.000903897812406979
74,0.1,2.6666666666666665,0.30000000000000004,0.30000000000000004,0.005,0.0,0.0,0.97,1,300,0.09061283817776038,0.028983283103423137,0.05317021301975437,0.06644710644778015,0.0005411272831267917,0.0006236675589495769,0.00013238299092902827,0.0011693320066170293
75,0.1,2.6666666666666665,0.30000000000000004,0.30000000000000004,0.005,0.0,0.0,0.9,1,300,0.08898081868823196,0.03695550477823478,0.053700185393474584,0.06618449035671606,0.0008796092792227861,0.0009377627434918849,5.5010213394361145e-05,0.0019347919172595374
76,0.1,2.6666666666666665,0.30000000000000004,0.4,0.005,0.0,0.0,0.97,1,300,0.0779421165256387,0.04358595691973051,0.03360042173313019,0.08239983007237461,0.002863614140491523,0.001078938629526641,0.00011432647361996678,0.005198574086634657
77,0.1,2.6666666666666665,0.30000000000000004,0.4,0.005,0.0,0.0,0.9,1,300,0.07745697108536037,0.043686113740955726,0.036117937401889594,0.08025463535117458,0.002985682643122002,0.001465422526949327,0.00011132916750035669,0.006484533386189877
78,0.1,2.6666666666666665,0.30000000000000004,0.5,0.005,0.0,0.0,0.97,1,300,0.06295248566175159,0.0537111008963255,0.03482978528022737,0.08157552448556678,0.006318770724332525,0.0011346082964060547,0.0005404584423613115,0.0070592830230081435
79,0.1,2.6666666666666665,0.30000000000000004,0.5,0.005,0.0,0.0,0.9,1,300,0.061866880015010006,0.054169136476443246,0.03893792717976576,0.07793057050577856,0.005481316291550762,0.0008970071414027914,0.00022696428903745976,0.007050511336868087
80,0.1,2.6666666666666665,0.5,0.1,0.005,0.0,0.0,0.97,1,300,,,,,,,,
81,0.1,2.6666666666666665,0.5,0.1,0.005,0.0,0.0,0.9,1,300,,,,,,,,
82,0.1,2.6666666666666665,0.5,0.2,0.005,0.0,0.0,0.97,1,300,0.0772192145300596,0.042349940769167274,0.06005143724020585,0.05689973791119231,5.926062047006253e-05,0.00010472450760852024,5.3483312420436556e-05,9.296529275806375e-05
83,0.1,2.6666666666666665,0.5,0.2,0.005,0.0,0.0,0.9,1,300,0.07724166058423615,0.04292504282384523,0.060426995177846124,0.056925353815228875,6.26910289262617e-05,0.00011120720214817851,4.9018446887933435e-05,9.133365543951186e-05
84,0.1,2.6666666666666665,0.5,0.30000000000000004,0.005,0.0,0.0,0.97,1,300,0.07749489943905062,0.0388692807955128,0.058823509192987344,0.05698731015045677,0.00048041065363159234,0.0002028965548396632,0.00010067825874879809,0.0005487613551549117
85,0.1,2.6666666666666665,0.5,0.30000000000000004,0.005,0.0,0.0,0.9,1,300,0.07746519010296085,0.039328051236178746,0.05932003952699307,0.057135218706191274,0.0004466494431895463,0.00021198956438020128,3.517884801494852e-05,0.000697532932829075
86,0.1,2.6666666666666665,0.5,0.4,0.005,0.0,0.0,0.97,1,300,0.087290249533007,0.031005641204845093,0.06363916387498163,0.05992235894657465,0.0004905489188237356,0.0002931223171906575,0.0001337951194863088,0.0005417484895049815
87,0.1,2.6666666666666665,0.5,0.4,0.005,0.0,0.0,0.9,1,300,0.0870592779836174,0.031684585109824207,0.0637264716743833,0.0600168528070957,0.0007290892655506399,0.000523322235912637,0.00013433987712324977,0.0008927743014078252
88,0.1,2.6666666666666665,0.5,0.5,0.005,0.0,0.0,0.97,1,300,0.09061283817776039,0.028983283103423137,0.05317021301975437,0.06644710644778015,0.0005411272831267921,0.0006236675589495766,0.00013238299092902843,0.0011693320066170304
89,0.1,2.6666666666666665,0.5,0.5,0.005,0.0,0.0,0.9,1,300,0.08898081868823196,0.036955504778234755,0.0537001853934746,0.06618449035671604,0.0008796092792227869,0.0009377627434918863,5.501021339436147e-05,0.001934791917259541
90,0.1,3.0,0.1,0.1,0.005,0.0,0.0,0.97,1,300,0.09150431022354008,0.028782808881999567,0.054986386732827956,0.06520223751880429,0.00045607175051606483,0.0006766106242105019,0.00014194379451171174,0.0010288170034480008
91,0.1,3.0,0.1,0.1,0.005,0.0,0.0,0.9,1,300,0.08993620568803382,0.03679493989560179,0.055438520714968555,0.06513118865247713,0.0007967935022212547,0.0010169636570609027,6.039834869350666e-05,0.001767046297857504
92,0.1,3.0,0.1,0.2,0.005,0.0,0.0,0.97,1,300,0.0542680005766894,0.06683993989287139,0.037507679051371874,0.07917874586157891,0.010020848894853326,0.0012039668395064434,0.0012189779627011733,0.0083449992956123
93,0.1,3.0,0.1,0.2,0.005,0.0,0.0,0.9,1,300,0.052680789358780386,0.06778888868807673,0.04207564305894512,0.07518936729187073,0.010642974842134877,0.0010789415898773986,0.000981563205968221,0.009503542206381556
94,0.1,3.0,0.1,0.30000000000000004,0.005,0.0,0.0,0.97,1,300,0.03975463902541418,0.07812208306046782,0.045522615352604115,0.07248716084771853,0.013907850313383402,0.001241436923292886,0.0024811903212489574,0.008308558328664012
95,0.1,3.0,0.1,0.30000000000000004,0.005,0.0,0.0,0.9,1,300,0.03747286718338355,0.0802392407089921,0.05017692302186798,0.06885211306113292,0.01671653744306964,0.0014258388345045987,0.00245113850694218,0.01017401939822365
96,0.1,3.0,0.1,0.4,0.005,0.0,0.0,0.97,1,300,0.041821857787422215,0.09738110125043103,0.049855972069350364,0.06932975648508746,0.015590938082694794,0.0009703693479429443,0.0030276176392753868,0.007639668738289184
97,0.1,3.0,0.1,0.4,0.005,0.0,0.0,0.9,1,300,0.040186828680989106,0.09909990769713392,0.054042810856877885,0.06614420072112878,0.019359733498429597,0.0014887732720647105,0.0032912867697665856,0.010159318330196367
98,0.1,3.0,0.1,0.5,0.005,0.0,0.0,0.97,1,300,0.03985321632046929,0.09944527569094824,0.05256823019045687,0.06733590083688584,0.01764971936834576,0.0009265189119979557,0.003666877175655515,0.008086071982922396
99,0.1,3.0,0.1,0.5,0.005,0.0,0.0,0.9,1,300,0.03848224606344332,0.10128391447846595,0.056238833954136924,0.06472924058532278,0.0201391680167642,0.0014002377299411658,0.0038319295760792633,0.009591759534414865
100,0.1,3.0,0.30000000000000004,0.1,0.005,0.0,0.0,0.97,1,300,,,,,1.5698912467826945e-05,1.569891246782695e-05,,
101,0.1,3.0,0.30000000000000004,0.1,0.005,0.0,0.0,0.9,1,300,,,,,1.110528159181377e-05,1.1105281591813772e-05,,
102,0.1,3.0,0.30000000000000004,0.2,0.005,0.0,0.0,0.97,1,300,0.08452078236156485,0.03331039339002811,0.06417167785794145,0.05289926050280281,0.0005695411272344638,0.00021556132447088307,0.0001720000493542263,0.0005377606107713196
103,0.1,3.0,0.30000000000000004,0.2,0.005,0.0,0.0,0.9,1,300,0.08436203495704385,0.03399481135533296,0.06404614528119926,0.05317016039472249,0.0006904892641896856,0.0003659503488868156,7.652040535382304e-05,0.0008933230416557708
104,0.1,3.0,0.30000000000000004,0.30000000000000004,0.005,0.0,0.0,0.97,1,300,0.09150431022354007,0.02878280888199959,0.054986386732827935,0.0652022375188043,0.0004560717505160644,0.0006766106242105026,0.0001419437945117118,0.0010288170034480001
105,0.1,3.0,0.30000000000000004,0.30000000000000004,0.005,0.0,0.0,0.9,1,300,0.08993620568803379,0.03679493989560178,0.05543852071496856,0.06513118865247713,0.0007967935022212542,0.0010169636570609018,6.039834869350648e-05,0.0017670462978575017
106,0.1,3.0,0.30000000000000004,0.4,0.005,0.0,0.0,0.97,1,300,0.0789041094238992,0.0432640511699461,0.034485847850213504,0.08155362246507222,0.002814770717322162,0.001024952475930355,0.00012040746109026928,0.004900186568195707
107,0.1,3.0,0.30000000000000004,0.4,0.005,0.0,0.0,0.9,1,300,0.07849938168655075,0.04328531504049514,0.036625605510209505,0.07970142225545146,0.003029672323702489,0.001402325542677448,0.00011888650215913696,0.006405487091939911
108,0.1,3.0,0.30000000000000004,0.5,0.005,0.0,0.0,0.97,1,300,0.06466507853004813,0.052637662698588064,0.03429740598192236,0.08201426337356109,0.006164032168883884,0.0007856941772643667,0.00041228977646985834,0.006368949322053057
109,0.1,3.0,0.30000000000000004,0.5,0.005,0.0,0.0,0.9,1,300,0.06356379083479698,0.053141019231920626,0.03817262849852139,0.07859867604091131,0.00654184560608022,0.0009460539736296143,0.0003402202643530007,0.007728193720978348
110,0.1,3.0,0.5,0.1,0.005,0.0,0.0,0.97,1,300,,,,,,,,
111,0.1,3.0,0.5,0.1,0.005,0.0,0.0,0.9,1,300,,,,,,,,
112,0.1,3.0,0.5,0.2,0.005,0.0,0.0,0.97,1,300,0.07768195109111857,0.0425854567220482,0.06210698018671387,0.055655801642354494,0.00010033924353766508,0.00011541960958175992,7.5018978884912e-05,0.00011851529884505504
113,0.1,3.0,0.5,0.2,0.005,0.0,0.0,0.9,1,300,0.0776922173888771,0.04305864628370488,0.062375854492105524,0.055792133468505645,9.944338027406463e-05,9.228252618204656e-05,3.101552498059959e-05,0.00014404343870262295
114,0.1,3.0,0.5,0.30000000000000004,0.005,0.0,0.0,0.97,1,300,0.08092383319295562,0.036111736388155624,0.06183653800102437,0.054666694585868224,0.0003798624725568969,0.0001167388409702602,9.257611956965549e-05,0.000335663058767652
115,0.1,3.0,0.5,0.30000000000000004,0.005,0.0,0.0,0.9,1,300,0.08092117643127317,0.0367538806384599,0.061845660301696206,0.05514490533824308,0.0006565358497878946,0.0002495030516648001,7.443251645251737e-05,0.0007859924310385187
116,0.1,3.0,0.5,0.4,0.005,0.0,0.0,0.97,1,300,0.08980923541741037,0.02966339004603191,0.06655109040676382,0.05827931088704237,0.0003426152372643112,0.00030318783166820686,0.00010245304764767921,0.0004128614840869893
117,0.1,3.0,0.5,0.4,0.005,0.0,0.0,0.9,1,300,0.089586960141805,0.030387839163917792,0.06661738860611022,0.05836926452378656,0.0006858415922797154,0.0006561457941121983,0.00020280102237737275,0.0007976706237636922
118,0.1,3.0,0.5,0.5,0.005,0.0,0.0,0.97,1,300,0.09150431022354008,0.028782808881999602,0.05498638673282796,0.06520223751880427,0.00045607175051606494,0.0006766106242105025,0.00014194379451171207,0.0010288170034480008
119,0.1,3.0,0.5,0.5,0.005,0.0,0.0,0.9,1,300,0.0899362056880338,0.03679493989560177,0.05543852071496855,0.06513118865247713,0.0007967935022212553,0.001016963657060903,6.039834869350669e-05,0.0017670462978575034
120,0.30000000000000004,2.0,0.1,0.1,0.005,0.0,0.0,0.97,1,300,0.08675825735502454,0.03069611675523485,0.05340552984667213,0.06627635882744201,0.0007484527973191668,0.0004498267968373768,0.00011831430515536607,0.0011523393106549365
121,0.30000000000000004,2.0,0.1,0.1,0.005,0.0,0.0,0.9,1,300,0.08648894223687378,0.03137089849322861,0.053885141739861274,0.06609850041505604,0.0010538142219981435,0.0007828264070890058,7.095868139345163e-05,0.0018896466656050047
122,0.30000000000000004,2.0,0.1,0.2,0.005,0.0,0.0,0.97,1,300,0.05292370819140141,0.06714948065803832,0.03955849440826868,0.07738149382764578,0.007124123631563055,0.0016673330334057467,0.0008443923693854864,0.0072867272565739745
123,0.30000000000000004,2.0,0.1,0.2,0.005,0.0,0.0,0.9,1,300,0.05119019432334895,0.06837150321368511,0.044304674969684446,0.07333196067674794,0.007620844645192524,0.0015104303208702745,0.0007461751478704438,0.007732180448754375
124,0.30000000000000004,2.0,0.1,0.30000000000000004,0.005,0.0,0.0,0.97,1,300,0.03797145601698151,0.07943875754070515,0.04783447192793398,0.07071093867878413,0.01089363891026276,0.0015063923859190754,0.001929672135368951,0.006864800538069435
125,0.30000000000000004,2.0,0.1,0.30000000000000004,0.005,0.0,0.0,0.9,1,300,0.035367163012869254,0.08191828359299944,0.05216337577752746,0.06740750084969904,0.014641320441084816,0.0021129533717415376,0.0024944473477067175,0.009233883451411953
126,0.30000000000000004,2.0,0.1,0.4,0.005,0.0,0.0,0.97,1,300,0.040697885889468155,0.09845898386912533,0.052079653691835696,0.06767756088018875,0.01482201981706154,0.0013312007783285245,0.003215625462668322,0.007621680395343144
127,0.30000000000000004,2.0,0.1,0.4,0.005,0.0,0.0,0.9,1,300,0.03917324962253535,0.10051144336049911,0.055762511851750594,0.06502294934029818,0.018788059125504724,0.00204502627325018,0.003804495853137301,0.009781563436556232
128,0.30000000000000004,2.0,0.1,0.5,0.005,0.0,0.0,0.97,1,300,0.03886092079615505,0.10070665314793112,0.054381975280087744,0.06613053525115938,0.01675864205643382,0.0010551313387524885,0.0037759769538824152,0.007444785257174932
129,0.30000000000000004,2.0,0.1,0.5,0.005,0.0,0.0,0.9,1,300,0.03748634856944276,0.10274826701748822,0.057791039544175374,0.063760855468219,0.020164888356441642,0.0018249665804325721,0.004185426211302788,0.00974347017330269
130,0.30000000000000004,2.0,0.30000000000000004,0.1,0.005,0.0,0.0,0.97,1,300,,,,,9.956259241721911e-06,9.956259241721915e-06,,
131,0.30000000000000004,2.0,0.30000000000000004,0.1,0.005,0.0,0.0,0.9,1,300,,,,,9.395947280726744e-06,9.395947280726745e-06,,
132,0.30000000000000004,2.0,0.30000000000000004,0.2,0.005,0.0,0.0,0.97,1,300,0.0752829647292719,0.0416271391250121,0.05523315321880767,0.05976037152325205,0.0004957764136291506,0.00031488607538618954,7.778263116280446e-05,0.0007413405803474864
133,0.30000000000000004,2.0,0.30000000000000004,0.2,0.005,0.0,0.0,0.9,1,300,0.07522687346041249,0.042280568398957184,0.05497039880740141,0.06604418454307337,0.0006248251525950361,0.0003904830479333689,5.303316714301971e-05,0.001157985180688025
134,0.30000000000000004,2.0,0.30000000000000004,0.30000000000000004,0.005,0.0,0.0,0.97,1,300,0.08675825735502452,0.030696116755234846,0.05340552984667212,0.06627635882744198,0.0007484527973191674,0.0004498267968373778,0.00011831430515536618,0.001152339310654939
135,0.30000000000000004,2.0,0.30000000000000004,0.30000000000000004,0.005,0.0,0.0,0.9,1,300,0.08648894223687378,0.03137089849322861,0.05388514173986128,0.06609850041505602,0.0010538142219981437,0.0007828264070890045,7.095868139345126e-05,0.0018896466656050032
136,0.30000000000000004,2.0,0.30000000000000004,0.4,0.005,0.0,0.0,0.97,1,300,0.07958871757142402,0.04196681186974521,0.03313556626872109,0.08289076809536917,0.002279809578901009,0.0011310212973164346,9.939514963191543e-05,0.004802658939530526
137,0.30000000000000004,2.0,0.30000000000000004,0.4,0.005,0.0,0.0,0.9,1,300,0.07923300986851109,0.04215287498994593,0.03600121448193437,0.08042378274376216,0.0025526689773796695,0.0016074242494335074,9.317109985814268e-05,0.006074031895023137
138,0.30000000000000004,2.0,0.30000000000000004,0.5,0.005,0.0,0.0,0.97,1,300,0.0640685781060952,0.052489060737612656,0.035545590005062314,0.08094031409478022,0.004857797961378795,0.00116337013491945,0.00038197252094574824,0.006364304780901064
139,0.30000000000000004,2.0,0.30000000000000004,0.5,0.005,0.0,0.0,0.9,1,300,0.06290883644705915,0.05286307852416222,0.039924827619832584,0.07706635772943074,0.004322241375205213,0.0010592341344932686,0.0001839731124512563,0.006175738763115067
140,0.30000000000000004,2.0,0.5,0.1,0.005,0.0,0.0,0.97,1,300,,,,,,,,
141,0.30000000000000004,2.0,0.5,0.1,0.005,0.0,0.0,0.9,1,300,,,,,,,,
142,0.30000000000000004,2.0,0.5,0.2,0.005,0.0,0.0,0.97,1,300,0.07615679819689242,0.04207520691474588,0.05529744014612584,0.06020703570906806,0.0001201255465969664,0.0002995920498866316,0.00013047536412812835,0.00023155066327149054
143,0.30000000000000004,2.0,0.5,0.2,0.005,0.0,0.0,0.9,1,300,0.07620669565271797,0.0426190698599601,0.05507151906044035,0.06649792450175607,9.562494664466991e-05,0.00028582563342762846,8.880161092041512e-05,0.00022858000138921604
144,0.30000000000000004,2.0,0.5,0.30000000000000004,0.005,0.0,0.0,0.97,1,300,0.07615142163714578,0.04175884750614882,0.05524952027857266,0.059817148335070014,0.00035740083206090587,0.0002726157131123441,6.870751817476623e-05,0.0005787615664856067
145,0.30000000000000004,2.0,0.5,0.30000000000000004,0.005,0.0,0.0,0.9,1,300,0.07616696068526702,0.042302173992494974,0.054986202434780335,0.0661239385893966,0.00041666978305566,0.0003664242207438787,4.575092314096884e-05,0.0008978447805434794
146,0.30000000000000004,2.0,0.5,0.4,0.005,0.0,0.0,0.97,1,300,0.07615697016911036,0.03864150514143931,0.05503952972311483,0.05945955813386861,0.0008060254467414466,0.00022986876574513716,0.00010331996158795345,0.0009037547002479845
147,0.30000000000000004,2.0,0.5,0.4,0.005,0.0,0.0,0.9,1,300,0.076200512684026,0.03897761772758396,0.05454704338642824,0.06586048940667413,0.0008857692271666801,0.000389886919891517,4.469338290101127e-05,0.0014239992616447825
148,0.30000000000000004,2.0,0.5,0.5,0.005,0.0,0.0,0.97,1,300,0.08675825735502454,0.030696116755234842,0.05340552984667214,0.06627635882744196,0.0007484527973191671,0.0004498267968373781,0.000118314305155366,0.001152339310654939
149,0.30000000000000004,2.0,0.5,0.5,0.005,0.0,0.0,0.9,1,300,0.0864889422368738,0.03137089849322861,0.05388514173986128,0.06609850041505604,0.0010538142219981429,0.0007828264070890037,7.095868139345126e-05,0.0018896466656050017
150,0.30000000000000004,2.3333333333333335,0.1,0.1,0.005,0.0,0.0,0.97,1,300,0.08929320412813133,0.029434072965862812,0.05536182583029492,0.06492852633401128,0.0006024502421959088,0.0005814483250580729,0.0001284282362600948,0.0009870093149580905
151,0.30000000000000004,2.3333333333333335,0.1,0.1,0.005,0.0,0.0,0.9,1,300,0.08895050017008752,0.030196292086288597,0.05573732488206225,0.06491765070071875,0.0008590743916869369,0.00076533463175217,7.763034536215293e-05,0.0016241814696923717
152,0.30000000000000004,2.3333333333333335,0.1,0.2,0.005,0.0,0.0,0.97,1,300,0.054700859669708446,0.06619954475459858,0.038478991857582356,0.07832423175386363,0.008217236118555422,0.0013360119514546581,0.000974947141529151,0.007545254391808187
153,0.30000000000000004,2.3333333333333335,0.1,0.2,0.005,0.0,0.0,0.9,1,300,0.0530995661411031,0.06711280300762575,0.04325296995633392,0.07420876107058272,0.008860358543518998,0.0013206092327765167,0.0008698559893040917,0.008538293834924295
154,0.30000000000000004,2.3333333333333335,0.1,0.30000000000000004,0.005,0.0,0.0,0.97,1,300,0.0394405251484859,0.07813604851368519,0.04676580169052086,0.07146625768824418,0.01286852019985453,0.0014901415320234131,0.002466758948630945,0.007926654464859222
155,0.30000000000000004,2.3333333333333335,0.1,0.30000000000000004,0.005,0.0,0.0,0.9,1,300,0.037023482481479866,0.08045309796088584,0.05131900874685431,0.06801363685491538,0.015379956600113846,0.0017210126587257504,0.0023934308557554433,0.009615603224777712
156,0.30000000000000004,2.3333333333333335,0.1,0.4,0.005,0.0,0.0,0.97,1,300,0.04152293367749618,0.09748667287171277,0.05119822395344012,0.06831280024285567,0.015233171510778389,0.0011799265289042134,0.003187178861322931,0.007591762193425401
157,0.30000000000000004,2.3333333333333335,0.1,0.4,0.005,0.0,0.0,0.9,1,300,0.03989707842007098,0.09946938419492235,0.055033848652755735,0.06548687633198175,0.01885722586343272,0.0017359319451864751,0.0034567027467551532,0.009931090773658282
158,0.30000000000000004,2.3333333333333335,0.1,0.5,0.005,0.0,0.0,0.97,1,300,0.03957447604172486,0.09978555905300181,0.05353476389801474,0.06670597672844611,0.017381723407840725,0.001049895664462865,0.003998089165793406,0.007576234890803599
159,0.30000000000000004,2.3333333333333335,0.1,0.5,0.005,0.0,0.0,0.9,1,300,0.038183559871710064,0.10179252635291088,0.05713639404615259,0.06417733579557712,0.020346169006751756,0.0016586208750192497,0.004085194442208775,0.009861367592072939
160,0.30000000000000004,2.3333333333333335,0.30000000000000004,0.1,0.005,0.0,0.0,0.97,1,300,,,,,1.9861854277003095e-05,1.9861854277003106e-05,,
161,0.30000000000000004,2.3333333333333335,0.30000000000000004,0.1,0.005,0.0,0.0,0.9,1,300,,,,,1.4958215483852412e-05,1.4958215483852417e-05,,
162,0.30000000000000004,2.3333333333333335,0.30000000000000004,0.2,0.005,0.0,0.0,0.97,1,300,0.07495803390232895,0.040905190477414144,0.057021070439301116,0.05832411520512596,0.0010148817950278938,0.0003752776560486419,0.00023534429701658254,0.0010393188144269558
163,0.30000000000000004,2.3333333333333335,0.30000000000000004,0.2,0.005,0.0,0.0,0.9,1,300,0.07491414992262509,0.04141012781938927,0.057975084084108966,0.058051442258333655,0.0007993856522470029,0.000255962553107664,4.710486672299898e-05,0.0011128808866813689
164,0.30000000000000004,2.3333333333333335,0.30000000000000004,0.30000000000000004,0.005,0.0,0.0,0.97,1,300,0.08929320412813133,0.029434072965862826,0.05536182583029492,0.06492852633401128,0.0006024502421959075,0.000581448325058071,0.00012842823626009443,0.0009870093149580888
165,0.30000000000000004,2.3333333333333335,0.30000000000000004,0.30000000000000004,0.005,0.0,0.0,0.9,1,300,0.08895050017008752,0.030196292086288566,0.05573732488206226,0.06491765070071873,0.0008590743916869374,0.0007653346317521707,7.763034536215309e-05,0.0016241814696923715
166,0.30000000000000004,2.3333333333333335,0.30000000000000004,0.4,0.005,0.0,0.0,0.97,1,300,0.08067823470974861,0.04168759033877308,0.033774544724307916,0.08225119534554956,0.00240663076454524,0.0012305799132020987,9.901866762301547e-05,0.004968748762639028
167,0.30000000000000004,2.3333333333333335,0.30000000000000004,0.4,0.005,0.0,0.0,0.9,1,300,0.0803068579418083,0.041786791850339455,0.03620894662730623,0.08016729774009451,0.0027294115356097195,0.0016700300913130512,0.00011210093773985659,0.0064476970029146
168,0.30000000000000004,2.3333333333333335,0.30000000000000004,0.5,0.005,0.0,0.0,0.97,1,300,0.0660050234366292,0.05124851778206041,0.03490977355956955,0.08153605879782107,0.005227683950169088,0.0009754761857088368,0.0003785321437529245,0.00626586244560572
169,0.30000000000000004,2.3333333333333335,0.30000000000000004,0.5,0.005,0.0,0.0,0.9,1,300,0.06476202114334251,0.051784615849865094,0.039030165828331735,0.07785161551789306,0.004988196527571485,0.0010096280665277896,0.00020834534725555916,0.006840528610154134
170,0.30000000000000004,2.3333333333333335,0.5,0.1,0.005,0.0,0.0,0.97,1,300,,,,,,,,
171,0.30000000000000004,2.3333333333333335,0.5,0.1,0.005,0.0,0.0,0.9,1,300,,,,,,,,
172,0.30000000000000004,2.3333333333333335,0.5,0.2,0.005,0.0,0.0,0.97,1,300,0.07675242163602308,0.042240671474067716,0.05775723479704442,0.0584657495919601,7.685664132290147e-05,0.0001527564635074697,5.1659732859361746e-05,0.00015948158850306716
173,0.30000000000000004,2.3333333333333335,0.5,0.2,0.005,0.0,0.0,0.9,1,300,0.07671882135695261,0.042772813406170604,0.05829168816486585,0.058358864781568966,9.769654317736594e-05,0.0002241192088794412,4.288542994871247e-05,0.0002446808820014973
174,0.30000000000000004,2.3333333333333335,0.5,0.30000000000000004,0.005,0.0,0.0,0.97,1,300,0.07573924927502161,0.04186793628589418,0.057717180709260026,0.057904528917071846,0.0006059356313455736,0.00027233396340525757,0.0001268215685165927,0.0007043497733636114
175,0.30000000000000004,2.3333333333333335,0.5,0.30000000000000004,0.005,0.0,0.0,0.9,1,300,0.0758245355736329,0.04235794876011077,0.058241855640912374,0.05796189564420213,0.0005536000482521947,0.0002719162770232206,4.03527736046064e-05,0.0009032782779999435
176,0.30000000000000004,2.3333333333333335,0.5,0.4,0.005,0.0,0.0,0.97,1,300,0.08061769518363106,0.035243397172007807,0.059510833742686,0.055823218675730354,0.0006368774277408594,0.00018003161230900107,9.985296776082627e-05,0.000685433898341785
177,0.30000000000000004,2.3333333333333335,0.5,0.4,0.005,0.0,0.0,0.9,1,300,0.08060089534864118,0.035906999911534745,0.05961651103278647,0.056092242406924286,0.0009069895870672674,0.00040450360077179257,6.815362982594224e-05,0.0012086427610173576
178,0.30000000000000004,2.3333333333333335,0.5,0.5,0.005,0.0,0.0,0.97,1,300,0.08929320412813128,0.029434072965862788,0.05536182583029491,0.06492852633401129,0.0006024502421959077,0.0005814483250580723,0.00012842823626009472,0.00098700931495809
179,0.30000000000000004,2.3333333333333335,0.5,0.5,0.005,0.0,0.0,0.9,1,300,0.0889505001700875,0.03019629208628858,0.055737324882062234,0.06491765070071875,0.0008590743916869374,0.0007653346317521702,7.76303453621531e-05,0.0016241814696923717
180,0.30000000000000004,2.6666666666666665,0.1,0.1,0.005,0.0,0.0,0.97,1,300,0.09102213511585824,0.028757484394173225,0.057209373730894596,0.06374410872322922,0.0005519208656324893,0.0007194957471042937,0.00021846088667717005,0.0008706813047206568
181,0.30000000000000004,2.6666666666666665,0.1,0.1,0.005,0.0,0.0,0.9,1,300,0.09076574483961215,0.0294235810753618,0.05749831265390477,0.06382751238706313,0.0008029576301660499,0.0009321865058658692,8.711189587276311e-05,0.0015014167875898844
182,0.30000000000000004,2.6666666666666665,0.1,0.2,0.005,0.0,0.0,0.97,1,300,0.05653373163249219,0.0650981250818452,0.03759743584224062,0.07910957040182014,0.008821835837090475,0.000986687987881997,0.0010004019198006488,0.007560591061908291
183,0.30000000000000004,2.6666666666666665,0.1,0.2,0.005,0.0,0.0,0.9,1,300,0.055035707748337666,0.0659184193273091,0.04225420625408894,0.07504286538247514,0.009513775455758886,0.0010555002150117803,0.000815238635816322,0.00882077703922268
184,0.30000000000000004,2.6666666666666665,0.1,0.30000000000000004,0.005,0.0,0.0,0.97,1,300,0.041185333061772314,0.07680920642341202,0.04572420899441519,0.07229119230397249,0.013841129332602634,0.0012972414414480606,0.0025022710794058295,0.008397657082435691
185,0.30000000000000004,2.6666666666666665,0.1,0.30000000000000004,0.005,0.0,0.0,0.9,1,300,0.03879115112518367,0.07894130102959607,0.05040836189485972,0.06867975357376699,0.015986102461077262,0.0014086814941833394,0.002325459197309443,0.00988524671687717
186,0.30000000000000004,2.6666666666666665,0.1,0.4,0.005,0.0,0.0,0.97,1,300,0.04245030117965279,0.09655444739958505,0.0501654564592065,0.069075349194794,0.016383611477768033,0.0010988277114968063,0.0033836349668828164,0.008230887594136916
187,0.30000000000000004,2.6666666666666665,0.1,0.4,0.005,0.0,0.0,0.9,1,300,0.04074146619436363,0.09839889692371794,0.054259428106084,0.06600063298420406,0.019244731354149596,0.001498760942083125,0.0033216286557628135,0.010123122631760116
188,0.30000000000000004,2.6666666666666665,0.1,0.5,0.005,0.0,0.0,0.97,1,300,0.04028201245872595,0.09880502081574946,0.05274650820774596,0.06721854773100214,0.01643022495602311,0.0007976057133022821,0.003365048823786097,0.00744085192324149
189,0.30000000000000004,2.6666666666666665,0.1,0.5,0.005,0.0,0.0,0.9,1,300,0.03888295784726827,0.10073273357731821,0.05644475678188637,0.06460050773763364,0.020274579244656622,0.0014065277837354221,0.0039127925359358105,0.009682900306658578
190,0.30000000000000004,2.6666666666666665,0.30000000000000004,0.1,0.005,0.0,0.0,0.97,1,300,0.07726329370068652,0.04262297306366461,0.06009145053555817,0.05732887763285846,6.173342945910214e-05,0.00010155264556829182,6.89196902175345e-05,7.35066577588409e-05
191,0.30000000000000004,2.6666666666666665,0.30000000000000004,0.1,0.005,0.0,0.0,0.9,1,300,,,,,2.2566630783516044e-05,2.2566630783516044e-05,,
192,0.30000000000000004,2.6666666666666665,0.30000000000000004,0.2,0.005,0.0,0.0,0.97,1,300,0.0776454929375336,0.03849522591754638,0.05891440300594751,0.05676496357716341,0.0009371943628928811,0.00020539887792899066,0.00014902587878189762,0.0008322229944073322
193,0.30000000000000004,2.6666666666666665,0.30000000000000004,0.2,0.005,0.0,0.0,0.9,1,300,0.0776555714671755,0.03897165046152844,0.0592570922310825,0.057026724285580505,0.0009179382466485674,0.000253450749524199,5.6494662374403215e-05,0.0010926430877398095
194,0.30000000000000004,2.6666666666666665,0.30000000000000004,0.30000000000000004,0.005,0.0,0.0,0.97,1,300,0.09102213511585824,0.028757484394173215,0.05720937373089457,0.06374410872322922,0.0005519208656324899,0.0007194957471042937,0.00021846088667716994,0.0008706813047206566
195,0.30000000000000004,2.6666666666666665,0.30000000000000004,0.30000000000000004,0.005,0.0,0.0,0.9,1,300,0.09076574483961214,0.029423581075361784,0.05749831265390479,0.06382751238706313,0.0008029576301660487,0.0009321865058658673,8.71118958727631e-05,0.0015014167875898828
196,0.30000000000000004,2.6666666666666665,0.30000000000000004,0.4,0.005,0.0,0.0,0.97,1,300,0.08152325220788646,0.041456502464342224,0.03477943752397317,0.08128713693702899,0.0021644127186446014,0.001104775718612065,7.605583788567778e-05,0.004464714040623187
197,0.30000000000000004,2.6666666666666665,0.30000000000000004,0.4,0.005,0.0,0.0,0.9,1,300,0.08134704143027555,0.04144701548885072,0.03680327379135902,0.07953959320200629,0.0026832906978894425,0.001633966644457352,0.0001101601110500269,0.006266362174088055
198,0.30000000000000004,2.6666666666666665,0.30000000000000004,0.5,0.005,0.0,0.0,0.97,1,300,0.06758676071631789,0.05045957049946578,0.03431180875718816,0.08199542620878157,0.005305065372416026,0.0008259503191835745,0.00031814155987116487,0.006106898674590572
199,0.30000000000000004,2.6666666666666665,0.30000000000000004,0.5,0.005,0.0,0.0,0.9,1,300,0.06654154067874649,0.050747263994385214,0.03826310093164098,0.0785238008784791,0.005092457721741319,0.0008791877172117001,0.00021045884382765975,0.006685607122814419
200,0.30000000000000004,2.6666666666666665,0.5,0.1,0.005,0.0,0.0,0.97,1,300,,,,,,,,
201,0.30000000000000004,2.6666666666666665,0.5,0.1,0.005,0.0,0.0,0.9,1,300,,,,,,,,
202,0.30000000000000004,2.6666666666666665,0.5,0.2,0.005,0.0,0.0,0.97,1,300,0.07722491906958615,0.042437764902633665,0.06005012452983924,0.056936907519402544,0.00015260808695179671,0.00012860808009776826,5.408970749579613e-05,0.00023267001719030057
203,0.30000000000000004,2.6666666666666665,0.5,0.2,0.005,0.0,0.0,0.9,1,300,0.07724930079947377,0.04295498648938348,0.060436758671317425,0.05698245857718501,0.00018713805946283965,0.0001635796825756607,4.3452200621665646e-05,0.00028622974387045177
204,0.30000000000000004,2.6666666666666665,0.5,0.30000000000000004,0.005,0.0,0.0,0.97,1,300,0.07557201315053995,0.04122154807649665,0.05973339835649634,0.056623024321035845,0.001013819672697613,0.00027373154884891324,0.00023393354181679602,0.0009293690302893784
205,0.30000000000000004,2.6666666666666665,0.5,0.30000000000000004,0.005,0.0,0.0,0.9,1,300,0.07561393143090794,0.041478890852815586,0.060348063266844484,0.05653052111955968,0.0008370665520807031,0.00024178961325161714,8.441341546861046e-05,0.000950309141178524
206,0.30000000000000004,2.6666666666666665,0.5,0.4,0.005,0.0,0.0,0.97,1,300,0.08468498599683372,0.03269528829626982,0.06354368840969991,0.05303826210938904,0.00065439587066785,0.00024371961766870206,0.00018938773974531124,0.0006202118634925562
207,0.30000000000000004,2.6666666666666665,0.5,0.4,0.005,0.0,0.0,0.9,1,300,0.08456925547185785,0.033295793455880865,0.06350539085767189,0.0532875705273315,0.000837134541722159,0.0004440779337179831,0.00010972639356531333,0.0010422782045079397
208,0.30000000000000004,2.6666666666666665,0.5,0.5,0.005,0.0,0.0,0.97,1,300,0.09102213511585822,0.028757484394173246,0.057209373730894575,0.06374410872322922,0.000551920865632492,0.0007194957471042966,0.00021846088667717124,0.0008706813047206592
209,0.30000000000000004,2.6666666666666665,0.5,0.5,0.005,0.0,0.0,0.9,1,300,0.09076574483961214,0.029423581075361832,0.057498312653904766,0.06382751238706312,0.0008029576301660488,0.0009321865058658673,8.711189587276277e-05,0.001501416787589883
210,0.30000000000000004,3.0,0.1,0.1,0.005,0.0,0.0,0.97,1,300,0.09237667229654911,0.02820683053323185,0.058942977795984286,0.06272230897245752,0.0004739914850656418,0.0008905907553733627,0.00027439652165841763,0.0008862849768698019
211,0.30000000000000004,3.0,0.1,0.1,0.005,0.0,0.0,0.9,1,300,0.09208334921960556,0.02895941395449854,0.059159142749546964,0.06279296951289226,0.0006791926874263809,0.001139813676305049,0.00010524504135116528,0.0014937150501138413
212,0.30000000000000004,3.0,0.1,0.2,0.005,0.0,0.0,0.97,1,300,0.05838646098222363,0.06401758497141743,0.036723952732645074,0.07989373630432453,0.009957285037153499,0.0009532773575887159,0.0011598432295896045,0.008025463548981607
213,0.30000000000000004,3.0,0.1,0.2,0.005,0.0,0.0,0.9,1,300,0.05698923741493675,0.06477098153162708,0.04126486426007026,0.0758907232128525,0.009559572167033957,0.0007804568468090919,0.0007090182516359175,0.008513625128853617
214,0.30000000000000004,3.0,0.1,0.30000000000000004,0.005,0.0,0.0,0.97,1,300,0.0428085748194908,0.07556349543854202,0.044740354598305984,0.07308596857904431,0.01419859060417494,0.0010184507388434837,0.002477904377037056,0.008330550442027514
215,0.30000000000000004,3.0,0.1,0.30000000000000004,0.005,0.0,0.0,0.9,1,300,0.0405744917020717,0.07746326410039625,0.04944313309210825,0.06938516578693371,0.01638104926826596,0.001106881551056039,0.0022151698006174073,0.009901529221522504
216,0.30000000000000004,3.0,0.1,0.4,0.005,0.0,0.0,0.97,1,300,0.043508289853364746,0.09563253195225703,0.04920713314798128,0.0697610502052352,0.01636396628191542,0.0009351650614390567,0.0032590778602305252,0.008262979464524214
217,0.30000000000000004,3.0,0.1,0.4,0.005,0.0,0.0,0.9,1,300,0.041643507780564956,0.09727751164312196,0.05343723094541293,0.06654456058209979,0.01905297058638256,0.0011810864037154185,0.002995551201171143,0.009985613533425839
218,0.30000000000000004,3.0,0.1,0.5,0.005,0.0,0.0,0.97,1,300,0.041123673393033945,0.09787314302241142,0.05194472267850694,0.06775698336939004,0.016793057432603207,0.0007309565298207879,0.003374215256438231,0.0075522107599535855
219,0.30000000000000004,3.0,0.1,0.5,0.005,0.0,0.0,0.9,1,300,0.039602342064067104,0.09964341622431538,0.05573716912086382,0.06505612326938649,0.02035457072520695,0.0012309115038991346,0.003806968630244067,0.009692326057767528
220,0.30000000000000004,3.0,0.30000000000000004,0.1,0.005,0.0,0.0,0.97,1,300,0.07771636465842052,0.042844006908070706,0.06215329513254794,0.05599475139090058,8.689301432685127e-05,0.00012013409978517886,8.299911751833528e-05,9.036171692287478e-05
221,0.30000000000000004,3.0,0.30000000000000004,0.1,0.005,0.0,0.0,0.9,1,300,0.07772558076898167,0.04331971901448265,0.062444257868763085,0.056176788511019295,9.138625156192046e-05,8.811090646709462e-05,3.9613423424163883e-05,0.0001132653747348665
222,0.30000000000000004,3.0,0.30000000000000004,0.2,0.005,0.0,0.0,0.97,1,300,0.08136308495631298,0.035648153492411405,0.06246579776098084,0.054060061861316525,0.0006756343872835221,0.00015212240790793985,0.00017192388911636586,0.0004995594070850043
223,0.30000000000000004,3.0,0.30000000000000004,0.2,0.005,0.0,0.0,0.9,1,300,0.08138014152684349,0.036271532082987785,0.06241275463933571,0.05453411430381803,0.0009292297390146608,0.00035270111438441115,0.00010384909513600525,0.0010334044032760598
224,0.30000000000000004,3.0,0.30000000000000004,0.30000000000000004,0.005,0.0,0.0,0.97,1,300,0.09237667229654911,0.028206830533231867,0.058942977795984286,0.06272230897245755,0.00047399148506564184,0.0008905907553733636,0.0002743965216584182,0.0008862849768698027
225,0.30000000000000004,3.0,0.30000000000000004,0.30000000000000004,0.005,0.0,0.0,0.9,1,300,0.09208334921960556,0.028959413954498563,0.059159142749546964,0.06279296951289225,0.0006791926874263838,0.0011398136763050531,0.00010524504135116613,0.0014937150501138463
226,0.30000000000000004,3.0,0.30000000000000004,0.4,0.005,0.0,0.0,0.97,1,300,0.08242632689426266,0.04122211267708535,0.036076524811271424,0.08012226050069407,0.0018869963134361563,0.0010889869929840304,9.182148234486509e-05,0.003759011341925487
227,0.30000000000000004,3.0,0.30000000000000004,0.4,0.005,0.0,0.0,0.9,1,300,0.08229289702333067,0.041142530532437174,0.03774872068850671,0.07863496570440104,0.0023648862275987286,0.0014208690827542487,9.693474803375327e-05,0.005675890066055155
228,0.30000000000000004,3.0,0.30000000000000004,0.5,0.005,0.0,0.0,0.97,1,300,0.06930176610487673,0.04945407236738584,0.03398099604808653,0.08229784063287356,0.005739630225472849,0.0008276002600682383,0.00034949915892471553,0.006047304380772945
229,0.30000000000000004,3.0,0.30000000000000004,0.5,0.005,0.0,0.0,0.9,1,300,0.06829045489918537,0.049784151405882535,0.03762143532109509,0.07908565965022703,0.005535351652913903,0.0008635319803724746,0.00023826351366009027,0.007129277934419432
230,0.30000000000000004,3.0,0.5,0.1,0.005,0.0,0.0,0.97,1,300,,,,,,,,
231,0.30000000000000004,3.0,0.5,0.1,0.005,0.0,0.0,0.9,1,300,,,,,,,,
232,0.30000000000000004,3.0,0.5,0.2,0.005,0.0,0.0,0.97,1,300,0.07766810620455442,0.04269328090047628,0.06212131873311538,0.05567792950211095,0.00020371375228717839,8.818433591746486e-05,5.772526184680363e-05,0.00022190047308013488
233,0.30000000000000004,3.0,0.5,0.2,0.005,0.0,0.0,0.9,1,300,0.07770985555312607,0.04312085873972936,0.06238849515651336,0.055844370908500196,0.0002874272100272285,0.00014317477882347477,4.3386451469684744e-05,0.0003856414274881064
234,0.30000000000000004,3.0,0.5,0.30000000000000004,0.005,0.0,0.0,0.97,1,300,0.07803363066562326,0.03875683077679048,0.06082794050337329,0.055651219269948066,0.001029452765050296,0.00019864026477286106,0.0002602331998947066,0.0007348389587982788
235,0.30000000000000004,3.0,0.5,0.30000000000000004,0.005,0.0,0.0,0.9,1,300,0.07805480986516417,0.039265473738275214,0.06118863760315458,0.05593134991473836,0.0008377624435024427,0.00017633361947386755,5.900786000418708e-05,0.0009114945455070905
236,0.30000000000000004,3.0,0.5,0.4,0.005,0.0,0.0,0.97,1,300,0.08796772738840616,0.030821852503805276,0.067014551080382,0.05072599078787945,0.00041529011547414085,0.0003093321009167735,0.00012849678265071488,0.0005118529604325808
237,0.30000000000000004,3.0,0.5,0.4,0.005,0.0,0.0,0.9,1,300,0.08776489193916202,0.03145797084993864,0.06696721939880632,0.05097689329885664,0.0007013348921295097,0.0005633205935659699,0.00017334083902528045,0.0007589197323195777
238,0.30000000000000004,3.0,0.5,0.5,0.005,0.0,0.0,0.97,1,300,0.09237667229654911,0.02820683053323184,0.058942977795984286,0.06272230897245754,0.0004739914850656426,0.0008905907553733647,0.0002743965216584188,0.0008862849768698035
239,0.30000000000000004,3.0,0.5,0.5,0.005,0.0,0.0,0.9,1,300,0.09208334921960555,0.02895941395449856,0.05915914274954698,0.06279296951289227,0.0006791926874263823,0.0011398136763050516,0.00010524504135116633,0.001493715050113845
240,0.5,2.0,0.1,0.1,0.005,0.0,0.0,0.97,1,300,0.08405836620311313,0.032364940576157644,0.05645982383826126,0.06410423695631354,0.00074415490939609,0.000261435112479182,9.838688742927121e-05,0.0008822971692226556
241,0.5,2.0,0.1,0.1,0.005,0.0,0.0,0.9,1,300,0.08387581788037446,0.03301226546543172,0.05677677034977771,0.0642303505207979,0.0012105906616410045,0.000681174824071871,0.00011505897336962532,0.0017435580866331508
242,0.5,2.0,0.1,0.2,0.005,0.0,0.0,0.97,1,300,0.05699223335002403,0.06434486590164984,0.038659512786905964,0.07816456257330445,0.007571745718016739,0.0012524100078959615,0.000892441546905099,0.007442527385267667
243,0.5,2.0,0.1,0.2,0.005,0.0,0.0,0.9,1,300,0.05548851200192153,0.06523662290051259,0.04344204779092234,0.07405929328676583,0.007999357768331643,0.0012808924335867868,0.0007432732493862984,0.008087380909892701
244,0.5,2.0,0.1,0.30000000000000004,0.005,0.0,0.0,0.97,1,300,0.04087884780583163,0.0767902075501319,0.04698409781179785,0.07132380668032326,0.012559333687838943,0.001550473499009966,0.002407543064863139,0.007862367793144167
245,0.5,2.0,0.1,0.30000000000000004,0.005,0.0,0.0,0.9,1,300,0.038339869173730945,0.07911412750763619,0.051532271963821215,0.06786681009293202,0.015070393779369572,0.0017801524699018751,0.002415513498249505,0.009591194344295248
246,0.5,2.0,0.1,0.4,0.005,0.0,0.0,0.97,1,300,0.04218339488593659,0.09671900864405625,0.05145468982546085,0.06812926234728893,0.014704146464645962,0.0011280570738813021,0.0029823279000789527,0.007483826249268703
247,0.5,2.0,0.1,0.4,0.005,0.0,0.0,0.9,1,300,0.04040740715339666,0.09873529341736832,0.055242994788886744,0.06534314896330501,0.018436080287427204,0.001703880684292194,0.0034154564606700107,0.009530714703451787
248,0.5,2.0,0.1,0.5,0.005,0.0,0.0,0.97,1,300,0.04005741162133496,0.0991446741354062,0.05376287090457237,0.06655864984798784,0.01721697354882209,0.001005416594021041,0.0038769961092687873,0.007678393754844034
249,0.5,2.0,0.1,0.5,0.005,0.0,0.0,0.9,1,300,0.038548468209335496,0.10123781902170402,0.05733310891224162,0.06406038664604011,0.020171609935235018,0.0016385941704450187,0.0040279211647135296,0.00974362614141322
250,0.5,2.0,0.30000000000000004,0.1,0.005,0.0,0.0,0.97,1,300,0.07619428813445327,0.0423454027965917,0.05534364410689201,0.060582164000253166,0.00013081978698874523,0.0002901390523723238,0.0001237870941577765,0.00024347419934086213
251,0.5,2.0,0.30000000000000004,0.1,0.005,0.0,0.0,0.9,1,300,0.07623176610873662,0.04285652527604234,0.05515284386009772,0.0668258322250192,9.20521987931669e-05,0.0002575061738533194,7.133551847122984e-05,0.00020448012297107814
252,0.5,2.0,0.30000000000000004,0.2,0.005,0.0,0.0,0.97,1,300,0.07613985862832218,0.041735985704696374,0.05523568902655841,0.059783778604509764,0.0009219743938973417,0.0003194739825874825,0.0001429328347510355,0.00101088741549688
253,0.5,2.0,0.30000000000000004,0.2,0.005,0.0,0.0,0.9,1,300,0.07615607318460878,0.04225180087531709,0.05497658581474457,0.06606237884787314,0.0008682159607243515,0.0003265528239066723,5.372192986879262e-05,0.001298477226056887
254,0.5,2.0,0.30000000000000004,0.30000000000000004,0.005,0.0,0.0,0.97,1,300,0.08405836620311316,0.03236494057615762,0.05645982383826123,0.06410423695631356,0.00074415490939609,0.00026143511247918126,9.838688742927093e-05,0.000882297169222654
255,0.5,2.0,0.30000000000000004,0.30000000000000004,0.005,0.0,0.0,0.9,1,300,0.0838758178803745,0.03301226546543174,0.0567767703497777,0.0642303505207979,0.0012105906616410051,0.0006811748240718712,0.00011505897336962537,0.00174355808663315
256,0.5,2.0,0.30000000000000004,0.4,0.005,0.0,0.0,0.97,1,300,0.08293610101104662,0.03991080125802929,0.034009827826555525,0.08202983307023275,0.0022318843659370866,0.0013831757595780148,0.00010418567221088164,0.005030521709520135
257,0.5,2.0,0.30000000000000004,0.4,0.005,0.0,0.0,0.9,1,300,0.08261516158669846,0.040244534207238544,0.03631942837846267,0.08005616734371399,0.0024416474386244817,0.001759177179950549,9.920221110428845e-05,0.006274293160953688
258,0.5,2.0,0.30000000000000004,0.5,0.005,0.0,0.0,0.97,1,300,0.06889856466422123,0.049063263414509464,0.034951521081811876,0.08148064962055726,0.0043086696751116465,0.0009110005522926448,0.00025466585164190533,0.0056579356392664785
259,0.5,2.0,0.30000000000000004,0.5,0.005,0.0,0.0,0.9,1,300,0.06792508791482343,0.04936681288189207,0.03914435334617998,0.0777637252653082,0.004210696964301913,0.0010334251955269444,0.00016706729845654652,0.006342289435833482
260,0.5,2.0,0.5,0.1,0.005,0.0,0.0,0.97,1,300,,,,,,,,
261,0.5,2.0,0.5,0.1,0.005,0.0,0.0,0.9,1,300,,,,,,,,
262,0.5,2.0,0.5,0.2,0.005,0.0,0.0,0.97,1,300,0.07615656511253296,0.04213354523021899,0.05530209117153272,0.06026499230110001,0.0002218719151687586,0.0003057253679014727,7.935994529766856e-05,0.00043371246942329857
263,0.5,2.0,0.5,0.2,0.005,0.0,0.0,0.9,1,300,0.07620642010654533,0.042657372483651,0.055086501880694166,0.06656144735500599,0.0001898608925325255,0.00031789759583380654,5.1114752665794645e-05,0.00046795192127897843
264,0.5,2.0,0.5,0.30000000000000004,0.005,0.0,0.0,0.97,1,300,0.07614972898648467,0.04179849763392065,0.05525043510086493,0.059844475843145284,0.0006582256440595899,0.00026989856849869926,9.02346889984871e-05,0.0007959578498869291
265,0.5,2.0,0.5,0.30000000000000004,0.005,0.0,0.0,0.9,1,300,0.07616726622368475,0.042319720271875784,0.054992780193015275,0.06615121936475132,0.0006843757461969288,0.0003062408028747349,4.490972325370744e-05,0.0011117408618221915
266,0.5,2.0,0.5,0.4,0.005,0.0,0.0,0.97,1,300,0.07361486853989015,0.04118314730133746,0.05386037527039901,0.060722926998233395,0.0017290067238023405,0.000419206174928267,0.000347360554574892,0.001505537114782276
267,0.5,2.0,0.5,0.4,0.005,0.0,0.0,0.9,1,300,0.07357557110268073,0.041673704047632626,0.05364028325059181,0.06661752844243368,0.001369439120491265,0.0003166109612694232,4.5804831352054076e-05,0.00175214316990476
268,0.5,2.0,0.5,0.5,0.005,0.0,0.0,0.97,1,300,0.08405836620311316,0.03236494057615763,0.05645982383826123,0.06410423695631354,0.0007441549093960902,0.0002614351124791818,9.838688742927117e-05,0.0008822971692226549
269,0.5,2.0,0.5,0.5,0.005,0.0,0.0,0.9,1,300,0.08387581788037443,0.033012265465431755,0.05677677034977768,0.06423035052079792,0.0012105906616410051,0.0006811748240718706,0.00011505897336962575,0.0017435580866331484
270,0.5,2.3333333333333335,0.1,0.1,0.005,0.0,0.0,0.97,1,300,0.08776021504091357,0.030420993522253602,0.058621866100357994,0.0628657148471469,0.0005491770777652013,0.0004275497977472229,0.00015621874593826823,0.0006798951312651414
271,0.5,2.3333333333333335,0.1,0.1,0.005,0.0,0.0,0.9,1,300,0.0874123347032344,0.031068839123515726,0.05883965375394174,0.06293711701495225,0.0009182621351705408,0.0007446858498304988,9.633901776704344e-05,0.001398321111902385
272,0.5,2.3333333333333335,0.1,0.2,0.005,0.0,0.0,0.97,1,300,0.05937283939415765,0.05607561207853909,0.037803819433567455,0.07892816392196153,0.008223480165780941,0.0010648740235974946,0.000965754397838136,0.007386504626565475
273,0.5,2.3333333333333335,0.1,0.2,0.005,0.0,0.0,0.9,1,300,0.05751979302724474,0.06402722509063427,0.042417496278854765,0.07491347422992022,0.008252355121687326,0.0009564386308714023,0.0006311529625869397,0.007938257612592326
274,0.5,2.3333333333333335,0.1,0.30000000000000004,0.005,0.0,0.0,0.97,1,300,0.04255713766371524,0.07549544598880431,0.045935126771253706,0.07215236502418186,0.013591274063452157,0.0013776289526255352,0.00254479151229083,0.00848275409888599
275,0.5,2.3333333333333335,0.1,0.30000000000000004,0.005,0.0,0.0,0.9,1,300,0.04018229678325816,0.0775916834702802,0.050640878289600164,0.06849960718454506,0.01562602819354417,0.0014327545550857999,0.00230543406770813,0.009775320003000734
276,0.5,2.3333333333333335,0.1,0.4,0.005,0.0,0.0,0.97,1,300,0.04319986674443557,0.09582223332063697,0.050415018357735916,0.06891686933635276,0.01598845092814405,0.0010918971180963175,0.0032818695393976,0.008117959588998696
277,0.5,2.3333333333333335,0.1,0.4,0.005,0.0,0.0,0.9,1,300,0.04132163189089811,0.09759163339484078,0.054476114417810126,0.0658536226572326,0.01899472880706384,0.0014799900563959648,0.003376604224849912,0.00987330183692443
278,0.5,2.3333333333333335,0.1,0.5,0.005,0.0,0.0,0.97,1,300,0.0407547784609483,0.09819736511807334,0.05290527043572147,0.06712428185485031,0.01637840474052032,0.0008328538132530593,0.0034785431488726713,0.007295936966401271
279,0.5,2.3333333333333335,0.1,0.5,0.005,0.0,0.0,0.9,1,300,0.03925952750507633,0.10013352537420311,0.0566462911737486,0.06446880836175982,0.02041154713667912,0.00146315342062562,0.003959043880881566,0.009785089738906941
280,0.5,2.3333333333333335,0.30000000000000004,0.1,0.005,0.0,0.0,0.97,1,300,0.07674415227483566,0.04251052727561803,0.057804622847299064,0.058934166813992356,0.00010215777422788938,0.00014201766728527722,5.1584451684617314e-05,0.000175638215019396
281,0.5,2.3333333333333335,0.30000000000000004,0.1,0.005,0.0,0.0,0.9,1,300,0.07673748537259528,0.04304801811309314,0.05834211033990949,0.0587315483886236,0.00010813001898757484,0.0002033814553708011,4.51163226251176e-05,0.00022751447900838448
282,0.5,2.3333333333333335,0.30000000000000004,0.2,0.005,0.0,0.0,0.97,1,300,0.07565216993029658,0.04189391267551452,0.05770198480563213,0.057881198503980075,0.0013574891714782766,0.00030859384561747374,0.00027745738702300565,0.0011141492870500131
283,0.5,2.3333333333333335,0.30000000000000004,0.2,0.005,0.0,0.0,0.9,1,300,0.07563976756480614,0.04235741792900128,0.05823542691861715,0.05790461782813637,0.0012038595567440498,0.00025622084208144536,6.989527476900207e-05,0.0013973016400466115
284,0.5,2.3333333333333335,0.30000000000000004,0.30000000000000004,0.005,0.0,0.0,0.97,1,300,0.08776021504091358,0.030420993522253595,0.05862186610035798,0.0628657148471469,0.0005491770777651994,0.0004275497977472224,0.00015621874593826812,0.0006798951312651395
285,0.5,2.3333333333333335,0.30000000000000004,0.30000000000000004,0.005,0.0,0.0,0.9,1,300,0.0874123347032344,0.031068839123515702,0.05883965375394175,0.06293711701495223,0.000918262135170542,0.0007446858498305002,9.633901776704359e-05,0.0013983211119023866
286,0.5,2.3333333333333335,0.30000000000000004,0.4,0.005,0.0,0.0,0.97,1,300,0.08400715838255224,0.03955160883607472,0.0351805357166458,0.08092882325050116,0.00183714525062487,0.00145421850205084,0.00010141968877333165,0.0045827757539900595
287,0.5,2.3333333333333335,0.30000000000000004,0.4,0.005,0.0,0.0,0.9,1,300,0.08374729428101874,0.039812220071408125,0.03703311700925746,0.0793474301588244,0.002477824303706187,0.0018573470041702126,0.0001135799893415579,0.006250176923408546
288,0.5,2.3333333333333335,0.30000000000000004,0.5,0.005,0.0,0.0,0.97,1,300,0.07054301505405755,0.048195336131789765,0.03435637301731937,0.08196402221773777,0.004857244593552074,0.0009086531401578686,0.0003014148625193695,0.005860589131418559
289,0.5,2.3333333333333335,0.30000000000000004,0.5,0.005,0.0,0.0,0.9,1,300,0.06976232466871982,0.0483770389078917,0.0383508152906504,0.07845860369455371,0.004231910557997062,0.0009184444114417301,0.00015711040675356436,0.006271212128572596
290,0.5,2.3333333333333335,0.5,0.1,0.005,0.0,0.0,0.97,1,300,,,,,,,,
291,0.5,2.3333333333333335,0.5,0.1,0.005,0.0,0.0,0.9,1,300,,,,,,,,
292,0.5,2.3333333333333335,0.5,0.2,0.005,0.0,0.0,0.97,1,300,0.07673666431181976,0.04227331635683891,0.05775616902040559,0.05852373252102351,0.000316135276686164,0.00022252028208784235,0.00010488401123928144,0.0004549054265878102
293,0.5,2.3333333333333335,0.5,0.2,0.005,0.0,0.0,0.9,1,300,0.0767244393816664,0.04281997886210404,0.05830231368361165,0.05841984579441964,0.00027595485215938437,0.00022207641607058432,2.9951130224823107e-05,0.000536881665392292
294,0.5,2.3333333333333335,0.5,0.30000000000000004,0.005,0.0,0.0,0.97,1,300,0.0767469721868193,0.04190583054105397,0.05770971410032411,0.057963091640099794,0.00076504848098194,0.0001586173012981019,0.00010250302163420799,0.0006990173715564315
295,0.5,2.3333333333333335,0.5,0.30000000000000004,0.005,0.0,0.0,0.9,1,300,0.07669376048525435,0.04248728033276754,0.058243828082684496,0.05799118669021314,0.0009018925783102149,0.0002426338653145358,5.221230432842936e-05,0.0011926256053406434
296,0.5,2.3333333333333335,0.5,0.4,0.005,0.0,0.0,0.97,1,300,0.07674246931743237,0.03849222300770497,0.0574459855991065,0.057457537351096565,0.0017399470608141752,0.00030570117931335563,0.00032514747257388163,0.0013263290583584188
297,0.5,2.3333333333333335,0.5,0.4,0.005,0.0,0.0,0.9,1,300,0.076764307647286,0.0388932531489308,0.05777080413443642,0.05767172493405244,0.0015589479664447408,0.00035064536048645694,0.00010986430234188802,0.0017343888908725052
298,0.5,2.3333333333333335,0.5,0.5,0.005,0.0,0.0,0.97,1,300,0.08776021504091355,0.03042099352225359,0.05862186610035798,0.06286571484714693,0.0005491770777652004,0.0004275497977472229,0.00015621874593826847,0.0006798951312651404
299,0.5,2.3333333333333335,0.5,0.5,0.005,0.0,0.0,0.9,1,300,0.0874123347032344,0.031068839123515712,0.05883965375394174,0.06293711701495222,0.0009182621351705414,0.0007446858498304998,9.633901776704334e-05,0.001398321111902385
300,0.5,2.6666666666666665,0.1,0.1,0.005,0.0,0.0,0.97,1,300,0.09031951813636169,0.029102220328211373,0.0605669362568398,0.061699615401259664,0.000529216741032445,0.0007501879624413128,0.00027949951631946944,0.0007672037141277676
301,0.5,2.6666666666666665,0.1,0.1,0.005,0.0,0.0,0.9,1,300,0.0900450539641198,0.029704243641544555,0.060716187465274477,0.06181795653767881,0.0007783710173902809,0.0009027356902265956,0.00013174928529322198,0.0012849966226112471
302,0.5,2.6666666666666665,0.1,0.2,0.005,0.0,0.0,0.97,1,300,0.060798788107723684,0.06238019615099419,0.0368273152899743,0.07981495660613361,0.009224526143985152,0.0010733685134209998,0.0010808094050412467,0.007889544228876583
303,0.5,2.6666666666666665,0.1,0.2,0.005,0.0,0.0,0.9,1,300,0.059535651695571186,0.06282722796540166,0.041428299270127394,0.07574431548274677,0.008940990847191984,0.0009012346472770214,0.0006671074753765759,0.008293721933243695
304,0.5,2.6666666666666665,0.1,0.30000000000000004,0.005,0.0,0.0,0.97,1,300,0.04428013013754574,0.07415212329386964,0.045002553630491646,0.0728950190789087,0.013394587546795324,0.000988668325453235,0.002312287798610691,0.008033912665659263
305,0.5,2.6666666666666665,0.1,0.30000000000000004,0.005,0.0,0.0,0.9,1,300,0.04205398711525239,0.07603176095053288,0.04969090402297464,0.06920713406708807,0.01629273172802152,0.0011362064667129615,0.0022632532874425197,0.009908219963879254
306,0.5,2.6666666666666665,0.1,0.4,0.005,0.0,0.0,0.97,1,300,0.0374687243096982,0.08004501539493786,0.04945298462170778,0.06959365691809033,0.014972200839562438,0.0007574369588598699,0.0028110186364094145,0.007410622481244371
307,0.5,2.6666666666666665,0.1,0.4,0.005,0.0,0.0,0.9,1,300,0.04233425474876939,0.09646938545123518,0.05367925821939093,0.06637884218577164,0.018813750991365695,0.0011940703508031387,0.0030000598841012876,0.009822198317521348
308,0.5,2.6666666666666665,0.1,0.5,0.005,0.0,0.0,0.97,1,300,0.041675260672899624,0.0971837937371945,0.052143971804395325,0.06761288507369867,0.017160234431547166,0.0008011864809210578,0.0034560118238959954,0.008052683598533316
309,0.5,2.6666666666666665,0.1,0.5,0.005,0.0,0.0,0.9,1,300,0.04007353039740242,0.09904518922186517,0.05594335909081703,0.06492500999187167,0.02069700770522793,0.001260999193389012,0.0039646411302633345,0.009866639175364738
310,0.5,2.6666666666666665,0.30000000000000004,0.1,0.005,0.0,0.0,0.97,1,300,0.07728985567196081,0.04269729864510656,0.06010036574900911,0.05742859711379721,0.0001860856257566101,0.00011855599986012652,7.962039280801875e-05,0.0002259167709466594
311,0.5,2.6666666666666665,0.30000000000000004,0.1,0.005,0.0,0.0,0.9,1,300,0.07726664703850086,0.04321097407741409,0.060502420706747176,0.05742951150775352,0.0002256530327210225,0.00015520066146112758,5.228583135157149e-05,0.00030071702511274775
312,0.5,2.6666666666666665,0.30000000000000004,0.2,0.005,0.0,0.0,0.97,1,300,0.07538362412560949,0.04116362142449309,0.05901723460240918,0.05698099818818981,0.002022533945947813,0.00030536805764013776,0.00043776966548483045,0.0013946335267031684
313,0.5,2.6666666666666665,0.30000000000000004,0.2,0.005,0.0,0.0,0.9,1,300,0.07542760170339508,0.04139608049640925,0.05987275596293025,0.0567414963962953,0.0017470980510843998,0.00024069703282931544,0.00015806686737293915,0.0015567766838249402
314,0.5,2.6666666666666665,0.30000000000000004,0.30000000000000004,0.005,0.0,0.0,0.97,1,300,0.09031951813636171,0.02910222032821136,0.06056693625683982,0.061699615401259636,0.0005292167410324448,0.0007501879624413117,0.00027949951631946917,0.0007672037141277676
315,0.5,2.6666666666666665,0.30000000000000004,0.30000000000000004,0.005,0.0,0.0,0.9,1,300,0.09004505396411981,0.02970424364154455,0.060716187465274504,0.06181795653767881,0.0007783710173902811,0.0009027356902265959,0.0001317492852932223,0.001284996622611246
316,0.5,2.6666666666666665,0.30000000000000004,0.4,0.005,0.0,0.0,0.97,1,300,0.08494502365889,0.03926464623585907,0.03663730678381255,0.07965477668431112,0.0014812740419155143,0.0014233886607898155,8.454660947167365e-05,0.0037355492839537736
317,0.5,2.6666666666666665,0.30000000000000004,0.4,0.005,0.0,0.0,0.9,1,300,0.08473046853771918,0.039522717314522754,0.03812457466218094,0.07832173523966174,0.0021650828316313315,0.0017106665184650359,9.576834876927116e-05,0.005660980172918867
318,0.5,2.6666666666666665,0.30000000000000004,0.5,0.005,0.0,0.0,0.97,1,300,0.07217564163187382,0.04731259921953728,0.03397903686691438,0.08230082396307356,0.004576626958915408,0.0007781623637410225,0.0001931069853327858,0.005464988228037211
319,0.5,2.6666666666666665,0.30000000000000004,0.5,0.005,0.0,0.0,0.9,1,300,0.07143174496598913,0.047520614150207974,0.03767816619022788,0.0790419340258092,0.004577157391296217,0.0009751539639190263,0.00017351262443508848,0.006578112011538875
320,0.5,2.6666666666666665,0.5,0.1,0.005,0.0,0.0,0.97,1,300,,,,,,,,
321,0.5,2.6666666666666665,0.5,0.1,0.005,0.0,0.0,0.9,1,300,,,,,,,,
322,0.5,2.6666666666666665,0.5,0.2,0.005,0.0,0.0,0.97,1,300,0.07723403103197832,0.04248993108532276,0.060067837559672765,0.056983253932002625,0.00039594710900931303,0.00013101844931405395,6.87451112865292e-05,0.0004945832773538795
323,0.5,2.6666666666666665,0.5,0.2,0.005,0.0,0.0,0.9,1,300,0.07723865823578105,0.04300646207316619,0.060444222475607004,0.05704846909261231,0.00042661644593448237,0.00017472029982220128,4.674732899654646e-05,0.0005418582228478993
324,0.5,2.6666666666666665,0.5,0.30000000000000004,0.005,0.0,0.0,0.97,1,300,0.07619025273607125,0.042154052433702724,0.06001657260966334,0.05648516854210066,0.0013879709269761023,0.000216174780545687,0.000254616209613616,0.0010169441049839403
325,0.5,2.6666666666666665,0.5,0.30000000000000004,0.005,0.0,0.0,0.9,1,300,0.07619095912605324,0.04253527847747008,0.06038110870780267,0.056539999113818296,0.0012245366427466463,0.00020925921924795594,0.00011202836306660146,0.0011331697128417137
326,0.5,2.6666666666666665,0.5,0.4,0.005,0.0,0.0,0.97,1,300,0.08111379026439827,0.03521670777416812,0.06183533987122226,0.054319690859781306,0.0009108009246313772,0.00017888563056590913,0.00024301196688214808,0.0006722820077045414
327,0.5,2.6666666666666665,0.5,0.4,0.005,0.0,0.0,0.9,1,300,0.08109515125185263,0.035848206376596574,0.06181288960105241,0.05457462938835046,0.0014671485410037578,0.0005303117245698262,0.00018698536402440003,0.0016211444155997113
328,0.5,2.6666666666666665,0.5,0.5,0.005,0.0,0.0,0.97,1,300,0.0903195181363617,0.029102220328211366,0.060566936256839815,0.061699615401259636,0.0005292167410324458,0.0007501879624413132,0.0002794995163194697,0.0007672037141277679
329,0.5,2.6666666666666665,0.5,0.5,0.005,0.0,0.0,0.9,1,300,0.09004505396411983,0.029704243641544545,0.06071618746527451,0.06181795653767881,0.0007783710173902799,0.0009027356902265936,0.0001317492852932214,0.0012849966226112432
330,0.5,3.0,0.1,0.1,0.005,0.0,0.0,0.97,1,300,0.09225562187014119,0.028215452799309593,0.0624172043251866,0.060756016179991684,0.0004030848912968906,0.0008678986974837876,0.0002478512913186059,0.0006987476712044442
331,0.5,3.0,0.1,0.1,0.005,0.0,0.0,0.9,1,300,0.09203894017023301,0.028970900689264206,0.06249924472163857,0.06084746002698947,0.0007219358728586425,0.0012288632552694212,0.00023451996260057868,0.0013123564600883975
332,0.5,3.0,0.1,0.2,0.005,0.0,0.0,0.97,1,300,0.062592296963991,0.06140569296315644,0.03604403749376916,0.08046894091465037,0.009475474852199114,0.0009442700229628251,0.000992916856800013,0.00769841988627272
333,0.5,3.0,0.1,0.2,0.005,0.0,0.0,0.9,1,300,0.06150106072758807,0.061726242599014415,0.040449216006381294,0.07659317527903367,0.009284697108376446,0.0008431518684847828,0.0006504232584104311,0.008591754212294014
334,0.5,3.0,0.1,0.30000000000000004,0.005,0.0,0.0,0.97,1,300,0.04608019542106183,0.07282449326081591,0.04383362676388036,0.07379079778841163,0.014758765487275364,0.000889450909809335,0.0025031630137786567,0.008658674895045093
335,0.5,3.0,0.1,0.30000000000000004,0.005,0.0,0.0,0.9,1,300,0.04401719988337105,0.07451597655342769,0.04867374044108794,0.06998066290455426,0.01670997075104991,0.0008900825064383134,0.0021655041853887863,0.010141374547923222
336,0.5,3.0,0.1,0.4,0.005,0.0,0.0,0.97,1,300,0.03905469967829511,0.07862042200889965,0.0484175207366582,0.07032950049865203,0.016321741214335998,0.0007086994060599195,0.0030442510249884948,0.00808429074202176
337,0.5,3.0,0.1,0.4,0.005,0.0,0.0,0.9,1,300,0.03667652166924348,0.08080086998675007,0.052810394663528215,0.06697578488772452,0.01900777856516171,0.00094832804377127,0.0028751598591148903,0.009819047474029821
338,0.5,3.0,0.1,0.5,0.005,0.0,0.0,0.97,1,300,0.042636584108457984,0.09613196683891773,0.05120897318734023,0.0683373537299691,0.018060247662135737,0.0007442872308257802,0.0037342381406372466,0.008217520383994644
339,0.5,3.0,0.1,0.5,0.005,0.0,0.0,0.9,1,300,0.04096195555538953,0.09793631842581701,0.055186545377908285,0.06540158423443525,0.02029668770027963,0.0009932549681429801,0.0034690101423542298,0.009762906326280879
340,0.5,3.0,0.30000000000000004,0.1,0.005,0.0,0.0,0.97,1,300,0.07767679999092679,0.04288640502309771,0.06216385370183856,0.05612531134738471,0.00030038319540339435,0.00011427728314659756,0.00010100274217743616,0.00026277593708921095
341,0.5,3.0,0.30000000000000004,0.1,0.005,0.0,0.0,0.9,1,300,0.07773497837056301,0.04338906100611241,0.06245743800367364,0.05626692663868528,0.0004146839132182177,0.0001426660461029987,5.789835406639858e-05,0.00046811334019394537
342,0.5,3.0,0.30000000000000004,0.2,0.005,0.0,0.0,0.97,1,300,0.07810466912791605,0.03844428065105234,0.06095943105797425,0.05531125507750749,0.00164561524426838,0.00020692778552849425,0.0003543333444899934,0.0010601081560072541
343,0.5,3.0,0.30000000000000004,0.2,0.005,0.0,0.0,0.9,1,300,0.07814857582697206,0.038971682651232215,0.06117089983066659,0.05573469566062793,0.0014000049260482219,0.00020620383864631368,8.780974825636847e-05,0.0013381758637171506
344,0.5,3.0,0.30000000000000004,0.30000000000000004,0.005,0.0,0.0,0.97,1,300,0.09225562187014116,0.028215452799309582,0.062417204325186604,0.0607560161799917,0.0004030848912968908,0.0008678986974837882,0.0002478512913186065,0.0006987476712044455
345,0.5,3.0,0.30000000000000004,0.30000000000000004,0.005,0.0,0.0,0.9,1,300,0.09203894017023301,0.028970900689264254,0.062499244721638564,0.06084746002698949,0.0007219358728586427,0.0012288632552694219,0.00023451996260057887,0.0013123564600883984
346,0.5,3.0,0.30000000000000004,0.4,0.005,0.0,0.0,0.97,1,300,0.08580976259204434,0.03898926737566612,0.03829085727212433,0.07814490832730223,0.0013819627903655148,0.0016180211310760462,0.00012104747340691585,0.003670661249985256
347,0.5,3.0,0.30000000000000004,0.4,0.005,0.0,0.0,0.9,1,300,0.0855509182679968,0.039345099058248734,0.03950719252275134,0.07709786338765177,0.0020169906582140316,0.0018129300190053085,9.633154538173292e-05,0.005527175681567256
348,0.5,3.0,0.30000000000000004,0.5,0.005,0.0,0.0,0.97,1,300,0.07363134570451098,0.046574913523229206,0.033905865963624215,0.08228834261928558,0.004128176799526133,0.0006650563929842767,0.0001432161716059575,0.0050372166477334205
349,0.5,3.0,0.30000000000000004,0.5,0.005,0.0,0.0,0.9,1,300,0.07305530840061566,0.04670299690690657,0.037208614050215943,0.07941825256289414,0.004333749141809738,0.0009493132212222457,0.00015268172700148448,0.006502105601046632
350,0.5,3.0,0.5,0.1,0.005,0.0,0.0,0.97,1,300,,,,,3.273415458555987e-05,3.273415458555989e-05,,
351,0.5,3.0,0.5,0.1,0.005,0.0,0.0,0.9,1,300,,,,,1.7143384259467126e-05,1.714338425946713e-05,,
352,0.5,3.0,0.5,0.2,0.005,0.0,0.0,0.97,1,300,0.07766902643124354,0.04274405862888134,0.062125879108560975,0.05578854169123068,0.000564524087076977,0.00012047236109852518,0.00013809031325865635,0.0004330497034536065
353,0.5,3.0,0.5,0.2,0.005,0.0,0.0,0.9,1,300,0.07769999608223448,0.043173043695973384,0.06239418610887011,0.05592273973873649,0.000630873574716118,0.00013862676503927527,4.992101216784379e-05,0.0006799847144989543
354,0.5,3.0,0.5,0.30000000000000004,0.005,0.0,0.0,0.97,1,300,0.07605783790223093,0.041213350439603454,0.06156714105775798,0.05551672241557947,0.0019163041921221463,0.00021658371820447426,0.00047690633033851206,0.0010666211963044566
355,0.5,3.0,0.5,0.30000000000000004,0.005,0.0,0.0,0.9,1,300,0.0760748851934773,0.04157399100069244,0.06223122165802954,0.05542273944980526,0.001791985065240904,0.00020394608782266628,0.00018338906521510868,0.0015177703223383625
356,0.5,3.0,0.5,0.4,0.005,0.0,0.0,0.97,1,300,0.08514863092860273,0.03272380975558726,0.06585859655233357,0.051448973670767784,0.0006563887221822056,0.00024139858896082305,0.00015739743312015079,0.0005766320491510395
357,0.5,3.0,0.5,0.4,0.005,0.0,0.0,0.9,1,300,0.08501710242800922,0.03330904554080602,0.06573456717602247,0.05185592377812451,0.0009851227693854364,0.0005783499674035498,0.0002432009265346623,0.000948564552710914
358,0.5,3.0,0.5,0.5,0.005,0.0,0.0,0.97,1,300,0.09225562187014118,0.02821545279930958,0.06241720432518661,0.060756016179991705,0.0004030848912968896,0.000867898697483785,0.0002478512913186046,0.0006987476712044427
359,0.5,3.0,0.5,0.5,0.005,0.0,0.0,0.9,1,300,0.092038940170233,0.028970900689264233,0.06249924472163858,0.0608474600269895,0.000721935872858643,0.0012288632552694234,0.00023451996260057922,0.0013123564600883999
